0.9997995,-0.02002486,0.9999777,0.0066733644,0.09675691,-0.08898636
0.99992436,-0.012298712,0.99976075,0.021873672,-0.02038282,0.2391906
0.99962884,-0.027242111,0.9951261,0.09861034,-0.12337531,0.5136798
0.99830514,-0.0581965,0.976228,0.21674618,-0.17613347,0.6575095
0.9956733,-0.09292285,0.93925875,0.3432099,-0.16115366,0.6336229
0.9929739,-0.11833351,0.8953366,0.44539005,-0.086712144,0.45844048
0.99212956,-0.12521543,0.86422575,0.5031042,0.019709177,0.18744679
0.99631774,-0.08573773,0.891796,0.4524377,0.36868936,-0.7517818
0.9998786,0.015582174,0.9718449,0.23562142,0.62113965,-1.5166148
0.98892045,0.14844657,0.9940431,-0.10898746,0.67270136,-1.8689271
0.9645367,0.26394865,0.8905621,-0.45486167,0.47121814,-1.6793022
0.94735366,0.320189,0.7286831,-0.68485105,0.10154315,-1.0998653
0.95358837,0.30111337,0.62003994,-0.7845702,-0.29633495,-0.366817
0.98185825,0.18961652,0.6658997,-0.7460413,-0.8302092,0.94825876
0.99990267,-0.013952091,0.8601065,-0.5101145,-1.1786234,2.0651033
0.96634185,-0.2572614,0.99866885,-0.051580697,-1.219991,2.6488256
0.8904384,-0.4551038,0.8937031,0.44865888,-0.838806,2.3903592
0.8385709,-0.5447925,0.6484048,0.7612958,-0.17256309,1.5535357
0.85838276,-0.5130098,0.47628558,0.87929064,0.53722304,0.52492046
0.93932164,-0.34303772,0.52488685,0.85117203,1.3086753,-1.0710331
0.9994043,-0.0345114,0.7909896,0.61182964,1.7907732,-2.4653206
0.9437435,0.3306784,0.9970148,0.07721006,1.8349711,-3.1784797
0.7907807,0.6120995,0.86120963,-0.50824994,1.2972391,-2.764477
0.67344725,0.7392353,0.5511903,-0.83437955,0.40429148,-1.7254977
0.68525535,0.7283029,0.34923834,-0.93703395,-0.5600927,-0.5311691
0.8273898,0.5616281,0.4173341,-0.90875316,-1.5967401,1.2723628
0.980622,0.19590937,0.759205,-0.6508516,-2.3310072,2.9920933
0.9554405,-0.29518372,0.99999696,0.0024695902,-2.5137079,3.8831475
0.730657,-0.68274474,0.7451525,0.66689414,-1.8970313,3.1915612
0.5129511,-0.85841787,0.32277396,0.9464761,-0.8781882,1.9110583
0.4562587,-0.88984716,0.07469496,0.99720645,0.23258434,0.62840796
0.6020029,-0.79849386,0.13165325,0.9912958,1.467138,-1.2230206
0.8662786,-0.4995612,0.5450757,0.83838683,2.507114,-3.23663
0.9986914,0.05114238,0.98612595,0.16599871,3.1129937,-4.81425
0.79761446,0.60316765,0.71669143,-0.6973904,2.6854153,-4.230194
0.46596953,0.8848008,0.10872464,-0.9940719,1.6588936,-2.6609135
0.26481086,0.9643004,-0.27602217,-0.96115124,0.49743477,-1.2568691
0.2976879,0.9546632,-0.34696087,-0.9378796,-0.8324333,0.5143675
0.56053734,0.8281292,-0.062085096,-0.99807084,-2.072662,2.458339
0.9000123,0.4358645,0.60843426,-0.79360425,-3.1371548,4.733004
0.9709691,-0.23920497,0.9795316,0.20129052,-3.5846162,6.0102625
0.6319932,-0.7749739,0.29558143,0.95531756,-2.7380013,4.4291883
0.24803752,-0.9687504,-0.39474642,0.9187901,-1.5801988,2.7000177
0.05620752,-0.9984191,-0.7199726,0.69400245,-0.35916677,1.3122078
0.11908019,-0.99288464,-0.77920467,0.62676954,0.9824649,-0.42368147
0.42904836,-0.9032815,-0.58416164,0.81163734,2.2314432,-2.3176782
0.83916426,-0.5438781,0.06092096,0.9981426,3.2516398,-4.6149287
0.9875898,0.15705533,0.94567686,0.32510817,3.9644606,-6.954788
0.6213751,0.78351325,0.53014845,-0.84790486,3.2168636,-5.926882
0.161437,0.98688304,-0.4061126,-0.91382307,1.8625118,-3.939938
-0.07693729,0.9970359,-0.87025416,-0.49260303,0.5395434,-2.4873493
-0.059355516,0.9982369,-0.9886368,-0.15032393,-0.70278555,-1.1540745
0.21091808,0.9775037,-0.9955859,-0.09385486,-2.007235,0.5849992
0.6693641,0.7429345,-0.92716974,-0.3746415,-3.1382565,2.3183928
0.9891419,0.14696388,-0.51769584,-0.8555648,-3.6296897,4.1255307
0.84080184,-0.54134303,0.44707713,-0.8944954,-3.518323,5.9074664
0.33042312,-0.94383293,0.9856873,0.16858386,-2.9444187,6.452346
-0.10440501,-0.99453485,0.25174713,0.96779305,-1.3790393,4.901089
-0.2026237,-0.9792567,-0.54116106,0.84091896,0.38648394,3.3819168
0.040769953,-0.9991686,-0.8876213,0.46057406,2.0161846,1.7963777
0.5572579,-0.8303395,-0.9482685,0.31746957,3.4121327,-0.21945883
0.97842836,-0.20658636,-0.8531532,0.5216603,4.148863,-1.9753693
0.823409,0.5674483,-0.47132432,0.88196,3.797421,-3.22382
0.29903442,0.95424235,0.20947692,0.9778136,2.796537,-3.6476507
-0.14823857,0.9889516,0.7944305,0.60735506,1.733849,-3.3366234
-0.38297528,0.92375857,0.99917215,0.040682413,0.7146315,-2.7816107
-0.42008364,0.90748537,0.89438605,-0.44729584,-0.32899886,-2.2543244
-0.24319209,0.96997815,0.6661759,-0.74579465,-1.6034988,-1.426959
0.24544106,0.9694115,0.6068436,-0.79482126,-3.3386865,0.80580544
0.8780994,0.47847828,0.8893087,-0.45730737,-4.7814593,3.5631833
0.8762952,-0.48177454,0.93760496,0.34770235,-4.958045,4.143956
0.18018956,-0.9836319,0.5534325,0.832894,-3.792099,2.0145385
-0.42299318,-0.9061329,0.36368966,0.93152016,-2.4108489,0.3032742
-0.70465916,-0.7095459,0.4351872,0.90034,-1.0953983,-0.93932533
-0.7797685,-0.62606794,0.6518895,0.758314,-0.06352532,-1.6087191
0.99909735,0.04247901,0.9995663,-0.029448623,0.0096326275,0.041331176
0.9986507,0.051929563,0.99881154,-0.048739206,0.082318425,-0.22930557
0.9973017,0.07341205,0.99317116,-0.116666295,0.1262738,-0.4370259
0.99508244,0.09905044,0.9768082,-0.21411629,0.122628614,-0.5303284
0.99567276,0.09292899,0.9682908,-0.24982585,-0.18313038,0.16700275
0.99957263,0.029232861,0.98829496,-0.15255521,-0.43945903,0.8005882
0.99728584,-0.0736273,0.99867314,0.051496845,-0.5622027,1.193892
0.9833114,-0.1819304,0.9554182,0.29525584,-0.49972144,1.227201
0.96581894,-0.25921756,0.86811966,0.49635494,-0.27177125,0.9247461
0.9594364,-0.28192514,0.7923839,0.6100228,0.041869022,0.42241067
0.9754847,-0.22006701,0.8131034,0.5821193,0.5837049,-0.7586132
0.9981109,-0.06143783,0.93447995,0.3560157,0.98642933,-1.7619658
0.9882134,0.15308258,0.998756,-0.04986485,1.1069905,-2.266323
0.9375668,0.34780526,0.8815224,-0.4721422,0.8517109,-2.0415542
0.88863605,0.45861307,0.6731995,-0.73946095,0.33403146,-1.3123043
0.8851852,0.46523884,0.5361948,-0.8440943,-0.258084,-0.40155673
0.9371292,0.34898263,0.5946303,-0.80399925,-0.99147224,1.098581
0.99493456,0.10052488,0.83882827,-0.5443961,-1.5212952,2.4291017
0.9745322,-0.22424765,0.99998856,-0.004785324,-1.662327,3.1189783
0.86547095,-0.5009591,0.82847506,0.56002593,-1.2404697,2.7153723
0.76560897,-0.64330626,0.5060387,0.86251074,-0.47017133,1.6942576
0.75963175,-0.65035343,0.3023112,0.9532093,0.3738707,0.53186977
0.85938156,-0.51133484,0.36478266,0.9310927,1.3075157,-1.192557
0.9798151,-0.19990589,0.7035649,0.710631,1.9967449,-2.8394392
0.9729349,0.23107944,0.994776,0.102082044,2.2437298,-3.846727
0.800113,0.5998493,0.80117893,-0.5984249,1.7449943,-3.372547
0.6207758,0.7839881,0.36508363,-0.9309747,0.7962544,-2.1424944
0.5770128,0.81673515,0.07518259,-0.9971698,-0.24990655,-0.83967125
0.70466065,0.7095445,0.090760946,-0.99587274,-1.38915,1.0067325
0.9147387,0.4040459,0.46562123,-0.8849841,-2.29276,2.930595
0.9946692,-0.103117295,0.9471722,-0.3207253,-2.800534,4.500959
0.8012364,-0.5983479,0.8346627,0.55076146,-2.4217007,4.265
0.51697797,-0.8559987,0.2684418,0.9632959,-1.3895836,2.8449616
0.37256536,-0.92800593,-0.15516429,0.9878887,-0.21861409,1.4480529
0.4531293,-0.8914448,-0.25964823,0.96570325,1.0846214,-0.3877689
0.7200209,-0.6939524,0.0102492655,0.9999475,2.2118232,-2.379045
0.97265303,-0.2322629,0.646398,0.7630004,3.0585718,-4.532443
0.91527367,0.40283263,0.98361224,-0.18029703,3.2446628,-5.5494895
0.5569598,0.83053946,0.3907829,-0.9204829,2.2965968,-4.126857
0.2504738,0.9681234,-0.25657868,-0.96652335,1.0665025,-2.5328534
0.16529915,0.9862435,-0.58683944,-0.80970335,-0.19428355,-1.1574968
0.33395472,0.9425891,-0.62684053,-0.7791476,-1.5271564,0.6749449
0.69059,0.72324646,-0.33615977,-0.94180495,-2.6393025,2.7193468
0.9803629,0.19720188,0.41797593,-0.9084581,-3.4084868,5.04788
0.8665978,-0.49900737,0.9983285,0.05779428,-3.611727,6.488551
0.41313213,-0.9106711,0.34018975,0.9403568,-2.4750843,4.904422
0.07054358,-0.9975087,-0.4414431,0.8972893,-1.0780201,3.2188993
-0.0077743893,-0.9999698,-0.8195998,0.5729364,0.28292546,1.8313701
0.18830214,-0.98211116,-0.9117134,0.41082674,1.6669321,0.023708774
0.6023436,-0.7982369,-0.82135904,0.5704115,2.8463492,-1.8799288
0.9610957,-0.2762156,-0.37659755,0.92637694,3.4898915,-3.9199858
0.9069055,0.42133418,0.5695854,0.8219322,3.603213,-5.9443
0.43476924,0.9005419,0.950873,-0.30958125,3.0638044,-6.371362
-0.015115755,0.99988574,0.14301905,-0.9897199,1.5168151,-4.6822834
-0.1519266,0.98839176,-0.5968257,-0.8023709,-0.13598019,-3.183423
0.030034775,0.99954885,-0.9038636,-0.4278207,-1.6529478,-1.6908714
0.48215953,0.87608343,-0.95596355,-0.29348537,-3.0222332,0.23738278
0.933962,0.35737243,-0.8649761,-0.501813,-3.8691814,1.9995117
0.91686195,-0.39920443,-0.4759251,-0.87948585,-3.7270474,3.408318
0.47233498,-0.8814191,0.26877362,-0.9632034,-2.9041736,4.1420374
0.0050376863,-0.9999873,0.8951337,-0.44579783,-1.9525026,4.1103034
-0.27709875,-0.9608414,0.9521939,0.30549422,-0.8786514,3.5613792
-0.32596183,-0.94538295,0.58393973,0.811797,0.414135,2.752674
-0.09283466,-0.9956815,0.19432364,0.9809375,2.0223334,1.3934559
0.4765874,-0.8791271,0.17963663,0.98373306,3.816503,-1.3927652
0.9835624,-0.18056846,0.71152395,0.7026619,4.9617715,-4.648063
0.677672,0.73536426,0.95263016,-0.30413115,4.850142,-5.554963
-0.10592043,0.99437463,0.33828303,-0.9410444,3.606581,-3.5249956
-0.6533376,0.75706667,-0.20619276,-0.9785114,2.5109863,-2.1910505
-0.90707517,0.42096868,-0.560458,-0.8281828,1.7985632,-1.8060441
-0.9934418,0.11433899,-0.82238704,-0.5689285,1.4629284,-1.9654139
-0.9847317,-0.17407921,-0.9852906,-0.17088717,1.5007775,-2.406555
-0.8702408,-0.49262652,-0.93173635,0.3631355,1.9823482,-3.0784366
-0.53992176,-0.8417152,-0.4603217,0.8877522,2.9514573,-4.2734413
0.15829237,-0.9873923,0.5640208,0.82576054,4.437215,-6.772974
0.9304316,-0.3664656,0.810463,-0.58578986,5.6371074,-8.324154
0.7456046,0.66638863,-0.41588095,-0.90941906,5.310764,-5.2163806
-0.14034492,0.99010265,-0.9339114,-0.35750467,4.4166856,-2.7708242
-0.7961597,0.60508657,-0.9988099,0.048773035,3.455773,-1.5532724
-0.9999979,0.0020481395,-0.94961923,0.31340605,3.1591759,-1.3068906
-0.7856322,-0.6186938,-0.80290973,0.5961006,3.660704,-2.092312
-0.067906536,-0.9976917,-0.31466535,0.94920266,4.764778,-4.3299527
0.8528368,-0.5221776,0.8019257,0.59742373,6.1427827,-8.274921
0.76338625,0.6459423,0.4937952,-0.86957824,5.975541,-7.4622436
-0.21377586,0.97688276,-0.57161576,-0.8205215,4.883517,-4.039657
-0.89165014,0.45272514,-0.9427945,-0.3333745,4.060452,-2.491478
-0.94823086,-0.3175818,-0.99060035,0.13678795,4.0311007,-2.526917
-0.36122093,-0.9324803,-0.7167954,0.69728357,4.85625,-4.128658
0.6581552,-0.7528823,0.3572666,0.93400246,6.0944552,-7.903591
0.89106107,0.4538834,0.7648974,-0.6441521,6.6964564,-9.688115
-0.11961933,0.99281985,-0.6024786,-0.79813504,5.5436244,-5.6606264
-0.91024077,0.4140794,-0.99998784,0.00493496,4.7758827,-4.0539484
-0.8701767,-0.4927399,-0.66727614,0.7448104,4.8203955,-4.661833
0.001894625,-0.9999982,0.44635037,0.8948583,5.962914,-7.7314186
0.9757191,-0.21902575,0.7305122,-0.68289965,7.1619124,-9.491513
0.39270887,0.91966283,-0.5875983,-0.8091528,6.6295147,-4.925303
-0.7343111,0.6788131,-0.96446484,-0.2642112,5.648962,-2.2781785
-0.9417316,-0.3363653,-0.9920084,0.12617205,5.4680176,-2.0635111
-0.04960223,-0.99876904,-0.7555138,0.6551327,6.413412,-4.2882996
0.97037137,-0.2416182,0.4472871,0.8943904,7.352013,-9.271124
0.32816485,0.9446205,0.5741557,-0.81874615,7.011269,-9.687474
-0.8044208,0.5940599,-0.7832297,-0.6217324,5.911572,-6.0000725
-0.8605704,-0.5093316,-0.89538866,0.4452854,5.949559,-5.9567876
0.23693688,-0.9715251,0.39088538,0.92043936,7.0739813,-9.858331
0.9774949,0.21095909,0.46489093,-0.88536793,7.8856964,-10.778486
-0.14347874,0.9896534,-0.905765,-0.42378035,7.1553965,-5.979322
-0.99691623,0.0784732,-0.80960166,0.5869797,6.4215984,-5.386997
-0.33086702,-0.94367737,0.39077953,0.9204843,7.050394,-8.708683
0.94430834,-0.32906187,0.608656,-0.79343426,8.334879,-10.358616
0.26234314,0.96497464,-0.7417128,-0.67071766,7.948129,-4.6716623
-0.9408193,0.33890852,-0.9918467,-0.12743711,7.0395856,-2.089303
-0.46932247,-0.88302684,-0.9471499,0.32079133,7.512479,-3.1095238
0.8982194,-0.43954733,-0.19832529,0.9801363,8.410955,-8.004877
0.28644267,0.9580974,0.90035766,-0.43515068,8.522214,-12.197162
-0.9539444,0.2999835,-0.7218653,-0.6920336,7.3798637,-7.425787
-0.34470034,-0.9387128,-0.77935964,0.62657684,7.954128,-8.186196
0.98006874,-0.19865878,0.9866669,0.16275269,9.282788,-14.429044
0.013550442,0.9999082,-0.6200158,-0.78458935,7.959807,-8.108294
-0.99835736,0.057293735,-0.90010077,0.43568176,7.356453,-6.5359683
-0.12911247,-0.99162996,0.49819925,0.86706257,8.068336,-10.749082
0.9994562,0.0329726,0.28377822,-0.95888996,8.829615,-10.3820305
-0.18596286,0.98255676,-0.9187783,-0.39477393,8.31876,-4.8526015
-0.9781437,-0.20793,-0.91584086,0.40154144,7.8159823,-4.3064227
0.25700498,-0.9664101,0.09932334,0.9950552,8.631744,-9.19914
0.847794,0.53032565,0.60180616,-0.79864216,9.546919,-12.077305
-0.7098298,0.70437324,-0.8663282,-0.49947518,8.634413,-5.735818
-0.58771,-0.80907166,-0.86620367,0.49969113,8.8137,-6.0923944
0.9375467,-0.34785953,0.7298404,0.6836176,9.858009,-13.20299
0.030579396,0.99953234,-0.08952753,-0.9959844,8.46895,-8.43087
-0.99971604,-0.023828661,-0.9616692,-0.27421215,7.990309,-4.677991
0.11635348,-0.9932079,-0.71967965,0.6943063,8.73898,-6.9390492
0.92913884,0.36973098,0.968931,0.2473312,9.526786,-13.789268
-0.54102105,0.841009,-0.46649376,-0.88452446,7.8509607,-7.815145
-0.8486923,-0.528887,-0.976146,0.2171151,7.8889723,-6.4053774
0.59120005,-0.806525,0.33732525,0.9413882,8.842358,-11.6279
0.6312014,0.775619,0.25448087,-0.9670778,8.872364,-11.256333
-0.8397101,0.5430349,-0.98445433,-0.1756406,8.083436,-6.4901843
-0.5174087,-0.8557384,-0.34350353,0.9391514,8.166443,-8.673949
0.9574431,-0.288622,0.8637008,-0.50400496,9.651807,-13.590844
-0.010601478,0.9999438,-0.8309953,-0.5562794,9.069901,-6.67725
-0.9820914,-0.18840505,-0.86145383,0.5078359,8.541187,-5.907009
0.36913285,-0.92937666,0.61493826,0.7885753,9.481665,-12.005896
0.7383671,0.674399,0.10644779,-0.9943183,9.195133,-9.016221
-0.79066724,0.6122461,-0.85851145,-0.51279444,8.238036,-3.2651756
-0.56692475,-0.82376957,-0.9983028,-0.05823617,8.357902,-2.3817885
0.92723423,-0.37448192,-0.791304,0.61142296,9.3767395,-5.527645
0.13842252,0.99037325,0.70662427,0.707589,8.749587,-11.370151
0.99994296,0.0106803,0.9980753,-0.062013704,-0.078138925,0.051309753
0.99980146,-0.019927219,0.9999395,-0.010998772,-0.21997154,0.44535536
0.99736875,-0.072495475,0.99427104,0.106888175,-0.29169515,0.70646614
0.99157804,-0.12951064,0.9669527,0.2549559,-0.26495346,0.7656088
0.9852082,-0.17136142,0.921269,0.38892606,-0.14601853,0.62189585
0.9830109,-0.18354717,0.8790533,0.4767235,0.026527429,0.33685002
0.9906957,-0.13609569,0.89373916,0.448587,0.44358054,-0.64318913
0.9998907,-0.014784978,0.96870756,0.24820499,0.7455074,-1.4520395
0.9893055,0.14585839,0.9961984,-0.08711333,0.8213806,-1.8411804
0.9570199,0.29002222,0.9018287,-0.43209374,0.6149245,-1.6690665
0.92916596,0.36966285,0.7473003,-0.66448647,0.20858108,-1.0850441
0.930909,0.36525118,0.6452097,-0.76400554,-0.25396228,-0.3299575
0.9666545,0.25608417,0.69803464,-0.716064,-0.8723304,1.0275044
0.99929,0.037676644,0.8909023,-0.454195,-1.2976413,2.1785321
0.9721848,-0.23421524,0.9994729,0.032463912,-1.3702669,2.7218077
0.8879592,-0.45992222,0.8505675,0.52586585,-0.97732204,2.3608646
0.82097894,-0.57095844,0.58938795,0.8078501,-0.29482657,1.4584072
0.8296328,-0.5583094,0.42912912,0.9032432,0.44157177,0.39972147
0.9138118,-0.4061379,0.5031201,0.8642165,1.2666156,-1.2265987
0.9947443,-0.1023904,0.7984522,0.60205823,1.8364133,-2.6909537
0.9592681,0.2824972,0.9998921,0.014690253,1.954641,-3.4358447
0.8058037,0.59218276,0.8030806,-0.59587044,1.4273942,-2.921479
0.6728579,0.7397718,0.4414943,-0.89726406,0.5319823,-1.7903881
0.66598845,0.745962,0.2203706,-0.97541624,-0.4356561,-0.5524573
0.7979939,0.6026655,0.28807482,-0.9576079,-1.482264,1.25898
0.964716,0.26329273,0.6642019,-0.7475532,-2.2678707,3.0544672
0.9738529,-0.22717972,0.9951998,-0.09786399,-2.5711782,4.187329
0.76393074,-0.64529824,0.7611169,0.6486147,-2.0259514,3.6054225
0.53327847,-0.84593976,0.27189773,0.96232617,-1.0074822,2.2659872
0.45529205,-0.8903422,-0.04390394,0.9990358,0.1130651,0.9318194
0.58189136,-0.8132665,-0.04653657,0.99891657,1.3465264,-0.92162704
0.8402084,-0.54226357,0.33001497,0.9439757,2.3778071,-2.9336383
0.99979734,-0.020131482,0.90151554,0.4327467,3.063738,-4.8055615
0.8324562,0.55409086,0.85147476,-0.5243955,2.822783,-4.7847238
0.49428365,0.86930066,0.20966263,-0.9777738,1.7847556,-3.2330449
0.27499318,0.96144617,-0.28204787,-0.95940036,0.58967215,-1.773857
0.29236868,0.9563057,-0.44484904,-0.89560556,-0.7597225,0.021258382
0.5436446,0.83931553,-0.2653667,-0.96414757,-1.9913652,1.9435248
0.8807863,0.473514,0.3316643,-0.94339746,-2.9944668,4.171425
0.9841626,-0.17726804,0.9834013,-0.18144374,-3.5833375,6.0541744
0.66460395,-0.74719584,0.5658517,0.82450706,-2.881293,5.051699
0.26875633,-0.9632082,-0.22256713,0.97491735,-1.6490357,3.2612715
0.0696412,-0.9975721,-0.666712,0.7453155,-0.373771,1.8310927
0.13319701,-0.9910896,-0.79583687,0.6055111,0.9997529,0.06936425
0.44567934,-0.8951927,-0.6806854,0.73257583,2.2502818,-1.8222556
0.84805554,-0.52990735,-0.17054811,0.98534936,3.191183,-4.013046
0.9893869,0.14530507,0.76848763,0.6398646,3.7900834,-6.3962617
0.6343542,0.77304256,0.8001999,-0.59973335,3.3273044,-6.3695316
0.16204675,0.9867831,-0.14512779,-0.9894129,1.8860352,-4.3854313
-0.06981593,0.9975599,-0.7615909,-0.6480581,0.4540153,-2.8770332
-0.026675232,0.99964416,-0.96479136,-0.26301646,-0.86448246,-1.5112467
0.27666184,0.96096736,-0.99005127,-0.14070708,-2.1861005,0.2581089
0.7403596,0.672211,-0.93406075,-0.3571141,-3.2731113,1.9692361
0.9995228,0.030888552,-0.6023519,-0.79823065,-3.6411648,3.6066844
0.7854861,-0.61887926,0.21950106,-0.9756123,-3.274172,5.002181
0.3011852,-0.95356566,0.9649664,-0.26237333,-2.6387131,5.6253333
-0.106062494,-0.9943595,0.7046406,0.7095644,-1.3810366,4.7312083
-0.21800584,-0.97594744,-0.030456776,0.9995361,0.2878735,3.365562
0.018055644,-0.999837,-0.5173564,0.85577005,2.0825987,1.6877481
0.56949234,-0.8219966,-0.5896657,0.8076474,3.691475,-0.88189304
0.99069333,-0.13611273,-0.17682245,0.98424274,4.42008,-3.6356165
0.73651844,0.67641747,0.7100482,0.70415306,4.2727447,-5.8355317
0.047747735,0.9988594,0.91135037,-0.4116315,3.3851266,-5.7766323
-0.47306055,0.8810299,0.13030313,-0.9914742,2.0237784,-4.424921
-0.69646996,0.717586,-0.616343,-0.7874778,0.77343154,-3.5889776
-0.7258841,0.6878171,-0.96648383,-0.25672755,-0.31445536,-2.8643587
-0.61428314,0.7890857,-0.974737,0.2233558,-1.1667411,-1.9507782
-0.33865935,0.940909,-0.8726508,0.48834473,-2.0155456,-0.8908436
0.17002687,0.9854394,-0.85309535,0.52175504,-3.1756508,0.44729528
0.7965968,0.60451096,-0.93271756,0.36060774,-4.266759,1.2211833
0.9681168,-0.2504992,-0.9932068,0.116362415,-4.5804358,1.1596917
0.44370762,-0.8961716,-0.9989937,-0.044851404,-3.867037,0.34926125
-0.2002637,-0.97974205,-0.9999805,0.006240864,-2.726627,-0.8955094
-0.5854116,-0.81073624,-0.9456163,0.32528418,-1.504582,-2.319689
-0.7128786,-0.70128745,-0.6111863,0.79148674,-0.15019053,-3.4461591
-0.62127054,-0.7835961,0.15049672,0.9886105,1.3945678,-4.6777396
-0.22755526,-0.9737652,0.9499062,0.31253526,3.0110097,-6.400258
0.47748512,-0.8786398,0.49261487,-0.8702474,4.131792,-6.922391
0.9857675,-0.16811456,-0.6881886,-0.7255319,4.877121,-5.7286177
0.6870794,0.7265823,-0.9737162,0.22776459,4.6909723,-4.8336315
-0.06043336,0.9981722,-0.39808586,0.91734815,3.4433959,-4.49635
0.9997017,0.0244235,0.9998219,0.01887082,0.0002606286,0.038768493
0.9999626,0.008647447,0.99814385,0.060899932,-0.15328278,0.37171793
0.9994422,-0.033395447,0.98716563,0.15969965,-0.25528654,0.59853816
0.9961596,-0.08755605,0.9586336,0.28464288,-0.27233693,0.65350384
0.9907307,-0.13584043,0.91732097,0.39814857,-0.20066011,0.5286148
0.98664856,-0.16286395,0.8818497,0.47153065,-0.0656463,0.27102864
0.9907823,-0.13546355,0.9011372,0.43353403,0.33653852,-0.68782717
0.9993938,-0.03481377,0.9744952,0.22440854,0.6495967,-1.4860317
0.9939665,0.109684095,0.99304324,-0.11775009,0.7551709,-1.8708198
0.9692907,0.24591796,0.88545066,-0.46473345,0.5895195,-1.6970866
0.94522965,0.3264061,0.71854824,-0.6954771,0.2310134,-1.1152037
0.9437201,0.3307451,0.60716194,-0.79457814,-0.18400823,-0.36526975
0.9712575,0.23803112,0.6560744,-0.75469625,-0.76404536,0.9827191
0.99911404,0.04208466,0.8597077,-0.5107863,-1.1822025,2.1565118
0.97763324,-0.21031708,0.9995891,-0.028663704,-1.2902144,2.786826
0.9038624,-0.42782328,0.8703588,0.492418,-0.94205165,2.509633
0.8431099,-0.5377413,0.59429187,0.80424947,-0.28753072,1.6300162
0.8506627,-0.52571183,0.4034072,0.9150206,0.42212263,0.5709833
0.92601836,-0.37747845,0.4472615,0.8944032,1.2077055,-1.0436469
0.9961769,-0.08735885,0.73358697,0.6795956,1.7382854,-2.5064692
0.9605057,0.27826017,0.9897249,0.1429848,1.8695463,-3.3697796
0.8152364,0.5791283,0.86984813,-0.49331957,1.3926855,-3.039367
0.6884843,0.72525126,0.5208853,-0.85362667,0.5092051,-1.9740776
0.68526125,0.72829735,0.27151453,-0.96243435,-0.4608818,-0.7429652
0.8161848,0.57779086,0.30278143,-0.95306003,-1.4992645,1.0725565
0.9723763,0.23341884,0.64626515,-0.76311296,-2.2468717,2.845767
0.96850914,-0.24897797,0.98656404,-0.16337489,-2.5155628,3.9923165
0.75581354,-0.65478694,0.8179139,0.5753406,-1.9844204,3.536737
0.52947474,-0.8483257,0.3652018,0.93092835,-0.96605456,2.2655675
0.45938534,-0.88823706,0.051876776,0.9986535,0.16279793,0.9544386
0.5946929,-0.80395293,0.04546273,0.99896604,1.4076672,-0.90829897
0.85519147,-0.5183122,0.4139538,0.9102979,2.4375916,-2.9257483
0.99985725,0.016897375,0.93398196,0.3573202,3.0803897,-4.7011976
0.814003,0.5808607,0.82823646,-0.5603788,2.770443,-4.5210114
0.47528175,0.87983364,0.21830045,-0.97588164,1.7343313,-2.9936438
0.2629322,0.9648143,-0.23098306,-0.9729578,0.5476847,-1.5708551
0.28828868,0.95754355,-0.36094308,-0.93258786,-0.8017329,0.21052192
0.5478532,0.8365745,-0.1377008,-0.99047387,-2.0452824,2.1476805
0.88970035,0.4565449,0.49126154,-0.8710121,-3.0839324,4.4094124
0.9775013,-0.21092959,0.99977046,0.021423526,-3.6086679,6.003983
0.643896,-0.76511306,0.43495387,0.90045273,-2.8199332,4.666916
0.2500209,-0.96824044,-0.29692712,0.95490015,-1.6324456,2.9129696
0.049953,-0.9987516,-0.67484707,0.7379576,-0.39122778,1.5161916
0.108160704,-0.9941334,-0.76498365,0.6440497,0.9659409,-0.2209234
0.41707426,-0.9088724,-0.59874153,0.8009423,2.2247388,-2.1145544
0.83102465,-0.55623555,0.0005963104,0.9999998,3.236579,-4.3901796
0.99060607,0.13674669,0.906148,0.42296076,3.9408603,-6.7808557
0.63276815,0.7743413,0.61837006,-0.78588706,3.2890918,-6.044208
0.16248259,0.9867114,-0.32762453,-0.944808,1.920909,-4.0422425
-0.08578413,0.99631375,-0.83614624,-0.5485066,0.58064324,-2.579017
-0.07484273,0.99719536,-0.9805201,-0.19641875,-0.676275,-1.2490308
0.19130225,0.9815312,-0.9925228,-0.12205954,-1.9880204,0.49844855
0.6522216,0.7580283,-0.92206955,-0.38702416,-3.1315112,2.257638
0.9857145,0.168425,-0.51361793,-0.858019,-3.6484818,4.101371
0.8491786,-0.52810574,0.45083013,-0.8926098,-3.5585787,5.925728
0.33669266,-0.94161457,0.9839725,0.17832017,-2.990764,6.4807334
-0.10675789,-0.99428505,0.23867464,0.9710996,-1.4251013,4.912579
-0.21515176,-0.9765806,-0.55508095,0.83179635,0.32649454,3.406138
0.014207653,-0.9998991,-0.89854586,0.4388796,1.9393548,1.8502616
0.5216123,-0.8531827,-0.9597771,0.28076303,3.3376904,-0.13143948
0.96620053,-0.25779158,-0.8827063,0.4699251,4.1289654,-1.8522288
0.85026073,0.5263617,-0.5457674,0.8379367,3.8463693,-3.0835624
0.33514762,0.9421656,0.09718076,0.99526674,2.8476586,-3.5166721
-0.11826322,0.99298227,0.70189977,0.71227574,1.7613584,-3.199759
-0.35862717,0.93348086,0.97778565,0.20960738,0.73102504,-2.6111202
-0.40089783,0.9161228,0.96705776,-0.2545571,-0.2832452,-2.080417
-0.24024805,0.9707115,0.81923884,-0.5734524,-1.4591863,-1.381964
0.21094215,0.97749853,0.76369286,-0.6455798,-3.1076458,0.59320277
0.83515817,0.55000985,0.94315565,-0.3323514,-4.5447044,2.959395
0.9292626,-0.3694199,0.9404216,0.34001058,-4.8031316,3.3920906
0.32165995,-0.94685525,0.66623855,0.7457387,-3.7043006,1.4084934
-0.26331887,-0.96470886,0.5954457,0.80339557,-2.2415764,-0.34711412
-0.53225034,-0.846587,0.7620752,0.64748853,-0.75079244,-1.8235965
-0.5498423,-0.8352685,0.9741778,0.22578229,0.5181285,-2.9309454
0.9983269,-0.05782193,0.9963802,0.08500883,-0.05231709,0.018076101
0.9973714,-0.07245938,0.99412614,0.10822776,-0.090578556,0.20872858
0.99576604,-0.09192388,0.9864944,0.16379489,-0.098939754,0.33940202
0.99400246,-0.109357834,0.97176623,0.23594569,-0.07043827,0.38183725
0.99303526,-0.11781779,0.95199424,0.30611598,-0.0108889965,0.3339666
0.99620664,-0.08701928,0.9553329,0.29553193,0.31346545,-0.43798432
0.99999887,0.0014935773,0.9895379,0.14427303,0.5508282,-1.0760124
0.99261963,0.12126956,0.9940983,-0.10848314,0.6167546,-1.3942206
0.972777,0.23174314,0.92702156,-0.37500808,0.47444478,-1.2980198
0.9551691,0.29606077,0.822299,-0.5690557,0.17509978,-0.8715615
0.9552979,0.295645,0.75035,-0.6610407,-0.17964596,-0.28416923
0.97845495,0.20646046,0.79271835,-0.6095881,-0.72321725,0.93424875
0.9997561,0.022084037,0.935074,-0.3544527,-1.0963186,1.9368907
0.9781873,-0.20772478,0.9967025,0.08114261,-1.1538272,2.3778741
0.916264,-0.40057492,0.8599783,0.5103305,-0.8187505,2.0559237
0.8678548,-0.49681798,0.64366835,0.76530457,-0.2366326,1.257642
0.88606185,-0.46356708,0.5652686,0.82490695,0.60268825,-0.27127755
0.958795,-0.2840987,0.72032773,0.69363385,1.3037741,-1.7394464
0.99978167,0.020894725,0.9565375,0.29160935,1.7203816,-2.8616188
0.9344409,0.35611817,0.9519551,-0.30623773,1.6141974,-3.0207443
0.8075199,0.5898403,0.66350645,-0.74817055,0.99444026,-2.2197473
0.7330822,0.6801401,0.38162228,-0.9243184,0.16210222,-1.1001424
0.7677623,0.6407348,0.28489274,-0.9585594,-0.67478454,0.07727915
0.89248484,0.4510774,0.45957145,-0.8881408,-1.5648913,1.8052417
0.99616104,0.087539814,0.84254974,-0.53861856,-2.1758525,3.3640912
0.93462265,-0.35564098,0.98317593,0.18266113,-2.209649,3.9065812
0.7357699,-0.67723155,0.6293555,0.7771175,-1.5076193,3.0048773
0.5837215,-0.81195396,0.20717312,0.97830427,-0.506671,1.7050934
0.5863273,-0.81007427,-0.001411131,0.999999,0.53209287,0.39258197
0.7482878,-0.66337425,0.10499861,0.9944724,1.6233157,-1.4731251
0.9516616,-0.3071486,0.5595316,0.828809,2.4574163,-3.4038196
0.9740379,0.22638512,0.9903943,0.1382721,2.8253615,-4.7412224
0.7327723,0.6804739,0.71674925,-0.697331,2.2311563,-4.072277
0.46436238,0.8856453,0.1308442,-0.9914029,1.1309867,-2.5973096
0.36646995,0.9304299,-0.24552315,-0.96939075,-0.056274205,-1.2081543
0.4944413,0.869211,-0.30054414,-0.9537679,-1.3384428,0.6509805
0.78072447,0.6248754,0.024427092,-0.9997016,-2.401799,2.6824775
0.9935536,0.11336357,0.7020701,-0.71210784,-3.1501262,4.8165326
0.8595036,-0.5111297,0.9589928,0.28343052,-3.1529143,5.5400753
0.48045832,-0.87701756,0.3095085,0.9508967,-2.0868104,4.000993
0.20908573,-0.9778973,-0.3194442,0.9476051,-0.81067353,2.446626
0.189985,-0.98178697,-0.59121585,0.80651337,0.6024917,0.63925105
0.42945653,-0.9030875,-0.5438613,0.8391751,1.894572,-1.2465659
0.80192184,-0.597429,-0.1155954,0.9932964,2.9152033,-3.3983307
0.99986356,0.016516747,0.7180129,0.6960298,3.5905738,-5.7216234
0.7414308,0.6710293,0.8915723,-0.45287842,3.36189,-6.1206865
0.28300077,0.9591197,0.056901067,-0.9983798,2.0622997,-4.2626014
0.012564243,0.9999211,-0.59323794,-0.8050272,0.68481183,-2.7226684
0.009769082,0.99995226,-0.8640806,-0.5033534,-0.6445135,-1.3600346
0.27248138,0.96216106,-0.9061949,-0.42286023,-1.9930121,0.46676448
0.7105417,0.7036551,-0.7507699,-0.66056377,-3.0762644,2.4068213
0.994327,0.10636645,-0.160409,-0.98705065,-3.5621455,4.4937644
0.8161172,-0.5778864,0.80838305,-0.58865684,-3.6007414,6.3889
0.2980566,-0.9545482,0.79345727,0.60862595,-2.7156117,5.976741
-0.08137076,-0.9966839,-0.10404462,0.99457264,-1.0980295,4.258334
-0.13635673,-0.9906598,-0.72345334,0.6903733,0.52884424,2.8018656
0.11740916,-0.99308366,-0.93902737,0.34384236,1.97644,1.2939912
0.6032615,-0.79754347,-0.96034235,0.27882358,3.2590222,-0.5844796
0.98194224,-0.18918103,-0.84276754,0.5382777,3.9205992,-2.2204614
0.84011877,0.5424025,-0.41568083,0.90951055,3.56371,-3.4174592
0.3648924,0.9310497,0.30910516,0.95102787,2.6399484,-3.8814416
-0.054936685,0.99848986,0.88078797,0.47351092,1.6402556,-3.6644356
-0.27541393,0.9613257,0.98238957,-0.18684414,0.5847972,-3.1199877
-0.27420184,0.9616722,0.73592955,-0.6770581,-0.6409749,-2.3835719
-0.0013204524,0.9999991,0.45109034,-0.8924783,-2.168982,-1.068902
0.5751776,0.81802857,0.4955811,-0.8685617,-3.9165678,1.7015916
0.9986889,0.05119122,0.91732985,-0.39812803,-4.971154,4.5013237
0.6005411,-0.79959387,0.8643871,0.5028269,-4.556702,4.27895
-0.14240207,-0.9898089,0.38146996,0.92438126,-3.2833397,2.271733
-0.6289028,-0.77748394,0.07238775,0.99737656,-2.1415973,1.0932875
-0.8439804,-0.53637403,-0.056757998,0.998388,-1.1593865,0.32425964
-0.91756266,-0.39759114,-0.091942005,0.9957644,-0.447471,0.087724395
-0.9289314,-0.3702519,-0.104510516,0.99452376,0.14452168,0.049136546
-0.89166754,-0.45269078,-0.106825195,0.99427783,0.78167397,-0.060206752
-0.7611535,-0.6485717,-0.056831,0.9983838,1.6241369,-0.53200954
-0.4164511,-0.9091581,0.15497111,0.98791903,2.7895787,-1.7592245
0.2684083,-0.96330523,0.6637681,0.74793845,4.2572584,-4.123393
0.9516793,-0.30709365,0.97506636,-0.22191341,5.413195,-6.0390415
0.7344451,0.67866814,0.31933805,-0.9476409,4.937952,-3.7092862
-0.038124286,0.999273,-0.11158777,-0.99375457,3.6054182,-0.79486305
-0.5521396,0.8337517,-0.025092686,-0.9996851,1.8698325,1.4604249
-0.71873397,0.6952852,0.39560738,-0.9184197,0.3529692,2.7451994
-0.6774969,0.7355256,0.8687861,-0.49518758,-0.90125334,3.718862
0.9996547,-0.026275486,0.99799746,0.06325357,-0.0014746563,-0.0837291
0.99936754,-0.035559908,0.997376,0.072395205,-0.08909764,0.17204642
0.9981995,-0.05998087,0.9917432,0.1282396,-0.14853352,0.3755397
0.9958126,-0.0914182,0.976869,0.2138388,-0.15756384,0.47359228
0.9956666,-0.092994325,0.9709105,0.23944275,0.14215422,-0.2141335
0.99930257,-0.037341077,0.99102145,0.13370278,0.40134153,-0.8365999
0.99826807,0.058828615,0.9970751,-0.0764279,0.5340824,-1.2168922
0.9865955,0.163185,0.94671506,-0.32207236,0.4865577,-1.2364956
0.97077,0.24001156,0.85340714,-0.52124494,0.27734128,-0.9232956
0.9640201,0.26582944,0.77506995,-0.63187546,-0.016730625,-0.4139381
0.9776191,0.21038279,0.79772186,-0.60302556,-0.5421692,0.77018076
0.99817055,0.060461156,0.9262041,-0.37702248,-0.94101405,1.7865195
0.9893057,-0.1458571,0.99939835,0.034682848,-1.0710264,2.3163779
0.9420878,-0.33536625,0.88298213,0.46940657,-0.8281383,2.109638
0.89624023,-0.44356894,0.66511506,0.7467409,-0.3215622,1.3821803
0.8934135,-0.4492353,0.5153503,0.8569796,0.25626367,0.4677617
0.942449,-0.33434996,0.56369346,0.82598406,0.9684402,-1.030067
0.99579394,-0.09162136,0.8097788,0.5867353,1.4802629,-2.3684661
0.974338,0.2250899,0.99799293,0.06332535,1.6270953,-3.1164794
0.8676192,0.49722925,0.856014,-0.51695263,1.2224646,-2.7867122
0.77044386,0.63750786,0.5348198,-0.8449662,0.45384523,-1.7904572
0.76678085,0.64190894,0.31581402,-0.9488211,-0.39215282,-0.62904507
0.86660475,0.4989952,0.36016336,-0.9328892,-1.3190646,1.0966765
0.98263913,0.18552725,0.68566567,-0.7279166,-1.9872267,2.7357905
0.9703527,-0.2416932,0.98924935,-0.14623865,-2.2202597,3.7649825
0.79584897,-0.6054952,0.83210754,0.5546143,-1.7304351,3.3624046
0.6175084,-0.7865643,0.4125864,0.9109185,-0.7797041,2.1667376
0.5769547,-0.81677616,0.120519556,0.99271095,0.27444813,0.8731136
0.70875394,-0.7054558,0.12996194,0.991519,1.4219958,-0.97947234
0.9196715,-0.39268857,0.4957141,0.86848575,2.3234196,-2.903048
0.9928221,0.11960056,0.95502406,0.29652828,2.8081288,-4.4311476
0.7919577,0.610576,0.83114475,-0.55605614,2.4059863,-4.154637
0.5066205,0.86216915,0.28232133,-0.9593199,1.3737463,-2.750606
0.36415255,0.9313393,-0.123960875,-0.9922871,0.20412321,-1.3706204
0.4479322,0.8940675,-0.21461326,-0.9766991,-1.1033374,0.46077555
0.7192824,0.6947178,0.071911134,-0.9974111,-2.2423208,2.4620237
0.97422266,0.22558856,0.7048156,-0.7093905,-3.1040661,4.6128554
0.91026425,-0.41402772,0.96588665,0.2589652,-3.2447007,5.4618597
0.5486244,-0.836069,0.341755,0.93978906,-2.2857528,3.9669693
0.24111086,-0.9704976,-0.27783054,0.9606301,-1.0737767,2.388055
0.15288982,-0.9882432,-0.58251595,0.8128193,0.17351004,1.0284125
0.31763783,-0.9482121,-0.6033655,0.7974648,1.5035039,-0.7919945
0.6754717,-0.73738587,-0.28527662,0.95844525,2.6334655,-2.845646
0.9768783,-0.21379632,0.4919071,0.8706477,3.4555783,-5.2163258
0.8698145,0.49337885,0.98640454,-0.16433546,3.646876,-6.5083575
0.41582268,0.9094457,0.2518955,-0.9677544,2.4926908,-4.783728
0.06646796,0.99778855,-0.50209606,-0.86481184,1.13157,-3.1071105
-0.025958741,0.999663,-0.8461563,-0.53293484,-0.1968991,-1.7362931
0.15140605,0.9884716,-0.92418224,-0.3819518,-1.564952,0.04656
0.5561755,0.8310649,-0.83234745,-0.55425423,-2.7634928,1.9319326
0.9403541,0.34019718,-0.38394088,-0.92335767,-3.4736264,3.9956472
0.93091446,-0.36523733,0.58364606,-0.81200814,-3.6843808,6.1325436
0.46966743,-0.88284343,0.9309006,0.36527264,-3.1798863,6.5553617
0.003640081,-0.9999934,0.060473535,0.9981698,-1.6107222,4.755056
-0.15344009,-0.9881579,-0.6704142,0.74198705,0.020005561,3.243921
0.011687879,-0.9999317,-0.9317591,0.3630771,1.5937018,1.3951279
0.4514467,-0.8922981,-0.9608368,0.27711472,2.929239,-0.4828608
0.9140956,-0.4054987,-0.8482455,0.5296032,3.7952635,-2.2664196
0.9397171,0.3419528,-0.3881418,0.9215997,3.7152598,-3.8105772
0.5170638,0.85594684,0.45488185,0.8905518,3.026692,-4.7747297
0.021751858,0.9997634,0.9926826,0.120752834,2.1441448,-4.8271904
-0.2848108,0.9585838,0.7170039,-0.69706917,0.9053842,-4.0139155
-0.31463224,0.9492137,0.10290184,-0.9946915,-0.6425673,-2.8949635
-0.016030325,0.9998715,-0.31648597,-0.9485972,-2.4077208,-1.2325516
0.59755725,0.8018263,-0.28960958,-0.95714486,-4.050345,1.6251924
0.9996119,0.027856974,0.34676635,-0.93795156,-4.8231773,4.827282
0.5890353,-0.8081073,0.99970746,-0.024185704,-4.6705728,6.5467653
-0.18268842,-0.98317087,0.412088,0.911144,-3.3869507,4.926543
-0.6741553,-0.73858964,-0.40608144,0.9138369,-2.2348485,3.6733236
-0.8911663,-0.4536768,-0.88891506,0.45807207,-1.4262065,3.1731994
-0.97271013,-0.23202379,-0.99132466,-0.13143592,-1.0169938,2.9206946
-0.999361,-0.035743468,-0.76836985,-0.64000607,-1.0305024,2.7148116
-0.98051435,0.19644752,-0.34014577,-0.9403727,-1.3484037,2.6102324
-0.867173,0.49800703,0.18870643,-0.98203355,-1.9413207,2.8480346
-0.53934085,0.8420875,0.7462337,-0.66568404,-2.9385562,3.833941
0.15368612,0.9881197,0.9805787,0.19612584,-4.304981,5.319345
0.8985682,0.43883383,0.3254488,0.9455597,-5.1782746,4.606549
0.83198637,-0.5547961,-0.31557623,0.9489002,-5.0128007,1.7187607
0.12158998,-0.9925804,-0.3315579,0.9434349,-3.3949943,-1.4829421
-0.3138426,-0.94947505,0.24069051,0.9706019,-0.98895854,-4.1834636
-0.2825588,-0.95925,0.9677229,0.2520167,1.1812786,-6.4099193
0.06040257,-0.9981741,0.43692133,-0.8994997,2.0780482,-7.0336437
0.49150062,-0.8708772,-0.81723046,-0.576311,2.507858,-7.1858296
0.8943814,-0.4473051,-0.5864075,0.8100162,3.5544147,-8.77017
0.9097866,0.4150763,0.99909365,0.042565778,5.0572224,-12.297401
0.33433688,0.9424536,-0.5080296,-0.8613396,2.5722346,-8.59536
0.014239504,0.9998986,-0.88892007,0.45806238,1.0503234,-6.9006367
0.99822485,0.059557375,0.9950439,0.09943707,0.012444143,-0.07020293
0.99757016,0.06966896,0.9988887,0.04713237,0.08517471,-0.4436281
0.99584734,0.091038704,0.99750453,-0.070602484,0.12091814,-0.7103836
0.993499,0.11384104,0.9747362,-0.22335918,0.09825083,-0.80462223
0.9919996,0.12624088,0.9287207,-0.3707801,0.01938867,-0.71352416
0.9928197,0.119619966,0.87704074,-0.48041597,-0.0872695,-0.48236483
0.9957306,0.092307284,0.84278154,-0.5382558,-0.1823745,-0.18573414
0.9996809,0.025261233,0.8721687,-0.4892052,-0.47474334,0.74068576
0.99600756,-0.08926921,0.9597742,-0.2807731,-0.64561695,1.4771041
0.9759929,-0.21780233,0.9986078,0.052749306,-0.6181454,1.8162098
0.9491208,-0.31491217,0.91856164,0.39527777,-0.35575888,1.641123
0.9388488,-0.34432977,0.77556205,0.63127136,0.056144893,1.0844979
0.95599824,-0.2933724,0.6748877,0.73792046,0.47023597,0.37521133
0.98890734,-0.14853372,0.71489143,0.6992355,0.9837946,-0.9078879
0.99680823,0.079832986,0.8855267,0.46458846,1.2600993,-1.939651
0.9452429,0.32636777,0.99933916,0.036349524,1.2021048,-2.409711
0.86094695,0.50869477,0.9098941,-0.41484052,0.7534782,-2.1195698
0.81567854,0.5785054,0.71267045,-0.701499,0.057227645,-1.3266355
0.8615581,0.507659,0.6322569,-0.7747588,-0.88131267,0.23955569
0.96163917,0.27431747,0.7738918,-0.6333178,-1.6177645,1.7320199
0.9960018,-0.089333504,0.97536004,-0.22061905,-1.9741504,2.773987
0.8909903,-0.4540223,0.93922365,0.3433059,-1.7446591,2.769928
0.7292714,-0.6842245,0.67766774,0.7353682,-1.0239419,1.9069564
0.64633566,-0.76305324,0.45495442,0.89051473,-0.10686804,0.8014053
0.71423924,-0.69990164,0.46507865,0.88526934,1.0198063,-0.9207952
0.8914309,-0.45315662,0.74669504,0.66516656,1.9892079,-2.6551566
0.9999774,-0.0067227166,0.99830633,0.05817619,2.5375931,-3.8449242
0.88407195,0.46735078,0.7689093,-0.6393579,2.2623453,-3.4227169
0.65132105,0.7588023,0.31324705,-0.9496717,1.4384066,-2.1187994
0.49791557,0.8672255,0.028708596,-0.99958783,0.42647642,-0.7928499
0.53023916,0.8478481,0.048157588,-0.99883974,-0.7987704,0.99250346
0.7419932,0.6704074,0.4217036,-0.90673375,-1.9534609,2.9102747
0.9702562,0.24208039,0.9369894,-0.34935772,-2.86916,4.7580504
0.93999225,-0.34119582,0.8050138,0.5932561,-2.8693151,4.7595696
0.66231513,-0.7492254,0.13254502,0.99117696,-2.0519238,3.1979148
0.4037405,-0.91487354,-0.34422174,0.9388884,-1.0090665,1.6818218
0.32014272,-0.94736934,-0.52327985,0.8521609,0.116760485,0.32296073
0.45709372,-0.88941854,-0.42216048,0.9065211,1.356475,-1.4922292
0.75708705,-0.653314,0.062401768,0.9980511,2.4564989,-3.5470543
0.9920573,-0.12578665,0.842507,0.5386854,3.3370001,-5.774952
0.85251486,0.52270293,0.79853034,-0.6019546,3.1811063,-5.8311214
0.47282755,0.88115495,-0.056901798,-0.99837977,2.0510917,-3.9581692
0.2041383,0.97894204,-0.6331945,-0.7739927,0.8124622,-2.387488
0.16676855,0.98599607,-0.854172,-0.51999056,-0.42629585,-1.0034289
0.3739529,0.9274477,-0.86518866,-0.50144655,-1.7067404,0.7970592
0.7402557,0.67232543,-0.6430741,-0.76580393,-2.729136,2.6992824
0.9917053,0.12853235,0.04769813,-0.9988618,-3.2878656,4.7948604
0.84861445,-0.5290118,0.93604845,-0.35187116,-3.4756985,6.6146803
0.38944542,-0.92104954,0.6132402,0.7898965,-2.4529533,5.653636
0.067644365,-0.9977095,-0.28253537,0.9592569,-0.8589411,3.8684618
0.052708477,-0.99860996,-0.7876439,0.61613077,0.6855878,2.3509407
0.32223523,-0.9466596,-0.94103223,0.3383169,2.026787,0.8383259
0.75400794,-0.6568653,-0.9358614,0.35236827,3.154345,-0.95071673
0.99958646,-0.028756453,-0.7611168,0.6486149,3.5730705,-2.4453743
0.79648626,0.60465664,-0.26164967,0.96516293,3.091745,-3.455574
0.37886664,0.9254513,0.45337895,0.89131784,2.2128444,-3.786181
0.0409515,0.9991611,0.9360212,0.35194352,1.2488204,-3.5444813
-0.10151481,0.994834,0.95691663,-0.2903629,0.14507571,-2.9481914
0.00035340604,0.99999994,0.7007396,-0.7134171,-1.2139353,-1.9573135
0.4068936,0.9134756,0.56540954,-0.8248103,-2.9590254,0.31797862
0.91607505,0.40100685,0.8065964,-0.59110254,-4.3099318,3.015589
0.87927866,-0.47630775,0.9913406,0.13131608,-4.54217,4.1447086
0.25331765,-0.96738315,0.6743738,0.73839015,-3.5164967,2.6363308
-0.313344,-0.9496397,0.36661375,0.93037325,-2.2465198,1.1365353
-0.5938971,-0.804541,0.28002897,0.9599916,-0.9637523,-0.09857957
-0.65680075,-0.7540642,0.37369004,0.92755365,0.13845582,-0.85458004
-0.54890174,-0.8358869,0.58710194,0.80951303,1.2327025,-1.6358742
-0.20918328,-0.9778764,0.87717927,0.480163,2.510026,-2.8860528
0.4188037,-0.9080768,0.97398883,-0.22659604,3.88235,-4.2765775
0.96243435,-0.2715146,0.4820306,-0.87615436,4.5904226,-3.6906512
0.8129011,0.5824018,0.0027971503,-0.99999607,4.1653767,-1.1323755
0.25937828,0.9657758,0.06584296,-0.99783,2.557253,1.6946013
-0.023492806,0.99972403,0.6340188,-0.77331764,0.29868826,4.40382
0.10925242,0.994014,0.9792658,0.2025796,-1.4550886,6.234768
0.45794934,0.8889783,0.08925445,0.9960089,-2.0933511,6.365359
0.80988526,0.58658826,-0.9261091,0.37725592,-2.6225328,6.486643
0.99915427,0.041118596,-0.5346483,-0.8450747,-3.2525456,7.7174225
0.7631167,-0.6462607,0.9517791,-0.3067841,-4.0755515,10.382659
0.21334884,-0.9769761,-0.010923094,0.99994034,-2.0186563,7.837401
0.058163956,-0.99830705,-0.9716826,0.23628978,0.25539413,5.6226163
0.20896678,-0.97792274,-0.7198076,-0.69417363,1.0325732,4.641389
0.39896843,-0.91696465,0.13814849,-0.9904115,0.8699084,5.0137405
0.51360035,-0.85802954,0.9568239,-0.2906683,0.53608406,6.270964
0.69716,-0.71691555,0.65448934,0.7560712,2.1306064,4.6307898
0.9904837,-0.13763,0.1491538,0.988814,4.2935095,0.98311174
0.69572634,0.71830696,0.29672527,0.9549629,4.781197,-2.1823397
-0.11673388,0.9931632,0.7711701,0.6366292,3.9840815,-3.291864
0.9954077,-0.09572609,0.99977523,0.021202428,0.0634841,-0.010983798
0.99829304,-0.05840391,0.9996676,-0.025782347,0.30151808,-0.44445905
0.9998262,0.018644394,0.98928577,-0.14599198,0.44954625,-0.72917885
0.9937318,0.11179064,0.95495605,-0.29674718,0.460483,-0.77732885
0.9813534,0.19221212,0.9042439,-0.42701632,0.3336809,-0.58800507
0.9715796,0.23671299,0.8650927,-0.501612,0.11159682,-0.2370252
0.9778509,0.20930256,0.8930091,-0.45003855,-0.38671008,0.8130229
0.9958753,0.09073271,0.97761863,-0.21038501,-0.7844244,1.6813297
0.9963091,-0.085837916,0.9850974,0.17199722,-0.9321926,2.0651379
0.9664841,-0.25672626,0.84206855,0.5393705,-0.7570273,1.8096576
0.93100405,-0.36500892,0.6464241,0.7629783,-0.3598659,1.1282928
0.9216161,-0.38810283,0.5312709,0.847202,0.112511456,0.2889143
0.9525155,-0.30449015,0.602105,0.7984169,0.76344836,-1.1390837
0.99475163,-0.10231924,0.8451333,0.5345557,1.2705306,-2.418183
0.9844063,0.17590992,0.9999924,-0.00390929,1.4457392,-3.1102026
0.90531784,0.42473474,0.8220966,-0.56934804,1.0936364,-2.7519016
0.8300316,0.5577164,0.48668057,-0.87358004,0.40795454,-1.7649955
0.8263595,0.5631429,0.26468372,-0.96433526,-0.33598444,-0.6325253
0.90224284,0.4312283,0.30334032,-0.9528823,-1.1549811,1.0272737
0.98852843,0.15103474,0.62364274,-0.7817095,-1.7435216,2.5924723
0.97397375,-0.22666095,0.96744734,-0.25307232,-1.9771992,3.673585
0.82876587,-0.5595955,0.8866722,0.4623986,-1.5644991,3.4698014
0.68185574,-0.7314867,0.4805083,0.8769902,-0.6582097,2.3500333
0.6596931,-0.75153506,0.15921888,0.9872433,0.35670906,1.0537484
0.7852147,-0.61922354,0.13326208,0.9910808,1.4301094,-0.7936788
0.9558095,-0.29398692,0.46006373,0.88788587,2.2071192,-2.635742
0.9823118,0.18725272,0.9187374,0.39486906,2.5704045,-4.0842657
0.7795588,0.62632906,0.90759224,-0.41985273,2.174407,-4.0176554
0.5279668,0.84926504,0.43605256,-0.8999212,1.1490948,-2.7727249
0.42922354,0.9031983,0.03217889,-0.99948215,-0.029537397,-1.4191134
0.54954624,0.8354633,-0.06482553,-0.9978966,-1.325266,0.4627314
0.8180053,0.57521063,0.22636269,-0.9740431,-2.3863277,2.4961984
0.9983101,0.058111187,0.8043686,-0.5941306,-3.0826895,4.4821634
0.84420025,-0.5360279,0.94154733,0.33688077,-2.9728477,4.91496
0.48365378,-0.8752594,0.36725774,0.9301192,-1.9515605,3.481472
0.2338057,-0.97228336,-0.16945715,0.9855375,-0.7258059,2.0190558
0.22891033,-0.9734475,-0.38494608,0.92293906,0.66532236,0.23514973
0.47531468,-0.8798159,-0.25259718,0.9675715,1.9513223,-1.6765165
0.8394532,-0.54343194,0.29441497,0.9556777,3.0153267,-3.9209151
0.9942046,0.1075048,0.965953,0.25871766,3.6825283,-5.9439936
0.69299376,0.7209436,0.628429,-0.77786696,3.087068,-5.1322637
0.26333043,0.9647057,-0.1591826,-0.98724914,1.881492,-3.3075125
0.015962768,0.99987257,-0.623676,-0.78168297,0.6206252,-1.8779211
0.030552307,0.9995332,-0.7692019,-0.63900584,-0.7578581,-0.16250516
0.30923346,0.95098615,-0.6664769,-0.74552566,-2.0590143,1.6844454
0.7439947,0.66818553,-0.1787835,-0.98388845,-3.1389306,3.8919978
0.99981815,0.019070046,0.75639135,-0.6541193,-3.9315474,6.444254
0.721147,-0.6927821,0.7942467,0.60759544,-3.6326537,6.551888
0.2099098,-0.97772074,-0.1792187,0.98380923,-2.2759032,4.450343
-0.10749148,-0.994206,-0.7888211,0.6146229,-0.9268859,2.9171247
-0.15288416,-0.9882441,-0.96904,0.24690399,0.4504075,1.2159109
0.068625964,-0.99764246,-0.9840891,0.17767583,1.7663457,-0.5194466
0.52036834,-0.8539419,-0.8945835,0.44690078,2.9754636,-2.3525777
0.9405316,-0.3397062,-0.42123026,0.90695375,3.6868615,-4.4285274
0.91406333,0.40557152,0.62958765,0.7769295,3.910258,-6.6903176
0.39642933,0.91806525,0.864433,-0.5027481,3.2976937,-6.8712325
-0.08909831,0.9960228,-0.13353598,-0.991044,1.6339294,-4.924833
-0.24867858,0.9685861,-0.8230851,-0.56791806,0.019266441,-3.45866
-0.11589792,0.99326116,-0.9988364,-0.048227083,-1.3207904,-2.1021073
0.25996327,0.9656185,-0.9704029,0.24149168,-2.446217,-0.86761373
0.7592174,0.6508371,-0.9572044,0.28941274,-3.488437,0.24435845
0.9989083,-0.04671459,-0.9786679,0.20544861,-3.9258814,0.4513136
0.6983277,-0.7157782,-0.9839948,0.17819716,-3.4405608,-0.32438144
0.20508254,-0.9787447,-0.9116224,0.41102868,-2.1226723,-2.205879
-0.0357319,-0.9993614,-0.47045153,0.88242584,-0.19932263,-4.403912
0.1551189,-0.9878958,0.59784603,0.80161095,2.1310534,-7.013134
0.6886279,-0.7251149,0.7734242,-0.6338888,3.5475698,-8.4892025
0.99422616,-0.10730498,-0.61527514,-0.78831244,3.4630237,-6.963967
0.8437654,0.53671217,-0.91851395,0.39538857,3.1942098,-6.389147
0.4067166,0.9135544,0.14416777,0.9895533,2.7019238,-6.8411455
-0.08542957,0.9963442,0.9999051,-0.013777054,2.2082942,-7.31617
-0.3514851,0.93619347,0.2321207,-0.972687,0.32596827,-5.685277
-0.16663021,0.98601943,-0.60757136,-0.7942651,-2.210361,-3.1672454
0.45707658,0.88942736,-0.8719547,-0.4895866,-4.0831685,-0.8888238
0.9873944,0.15827909,-0.8370126,-0.5471836,-5.0736675,1.4564772
0.6714395,-0.74105936,-0.50523686,-0.8629807,-4.648609,2.9974432
0.9999626,0.00864771,0.9955668,0.09405699,-0.04066783,0.07131227
0.9998897,0.0148535175,0.9979151,0.064540535,0.10039893,-0.3610483
0.99892837,0.046283554,0.99903035,-0.044026934,0.2040522,-0.70116657
0.9958451,0.09106384,0.9794109,-0.20187698,0.23021944,-0.8558831
0.9912718,0.13183412,0.9318472,-0.36285093,0.16662692,-0.79018724
0.9882709,0.1527112,0.8742079,-0.48555177,0.037185375,-0.54335606
0.9894066,0.14517081,0.83535916,-0.54970455,-0.11260688,-0.19843607
0.99635786,0.08527026,0.8672707,-0.49783683,-0.47760162,0.79209125
0.99930215,-0.037352014,0.96168023,-0.27417347,-0.721611,1.5903926
0.98234934,-0.18705547,0.99635816,0.085266486,-0.7425253,1.9503925
0.95066255,-0.31022695,0.8948321,0.44640288,-0.490415,1.7373667
0.9315261,-0.36367446,0.7297764,0.6836859,-0.061966673,1.1197182
0.94314605,-0.33237857,0.6212401,0.7836203,0.38754532,0.34836715
0.97966963,-0.20061764,0.67219657,0.7403727,0.9519324,-0.99681586
0.99962103,0.027527774,0.8697609,0.49347347,1.2990899,-2.1175597
0.95688075,0.2904811,0.9996707,0.025661765,1.3043005,-2.6559274
0.86845094,0.4957751,0.88413405,-0.46723327,0.8714759,-2.335716
0.81136936,0.5845338,0.64353263,-0.76541865,0.16026065,-1.4675765
0.83632433,0.548235,0.48729223,-0.873239,-0.59061104,-0.42172503
0.9297927,0.36808357,0.5548776,-0.831932,-1.402208,1.1997226
0.99921757,0.039550886,0.8281117,-0.56056315,-1.9099417,2.6048582
0.9378028,-0.34716845,0.99997365,0.007262174,-1.9324982,3.232723
0.7708223,-0.6370503,0.81688374,0.5768023,-1.3453944,2.6890283
0.6444526,-0.76464427,0.49991325,0.8660755,-0.42522687,1.5985956
0.6698721,-0.7424765,0.36965302,0.9291699,0.7497558,-0.15205353
0.8364164,-0.5480945,0.55464226,0.8320889,1.7818121,-1.9447627
0.98960245,-0.14382996,0.9114595,0.41138977,2.4984288,-3.5432189
0.93201596,0.36241716,0.9408739,-0.33875698,2.5086288,-3.86209
0.6921657,0.72173864,0.5241335,-0.8516361,1.7656295,-2.7513652
0.48932332,0.87210244,0.13617277,-0.9906851,0.7435436,-1.4074343
0.46989107,0.8827244,0.0340814,-0.99941903,-0.5190074,0.3766003
0.65553534,0.7551645,0.28944427,-0.95719486,-1.720645,2.250117
0.91936207,0.39341253,0.8108546,-0.58524764,-2.7438238,4.236251
0.9808668,-0.19468021,0.9441358,0.32955664,-3.0771325,4.987814
0.7296963,-0.68377143,0.34883615,0.93718374,-2.3882618,3.623361
0.4256377,-0.9048937,-0.20504597,0.9787523,-1.3658465,2.0393982
0.2754153,-0.96132535,-0.45671913,0.88961095,-0.23061638,0.66144234
0.35464194,-0.9350022,-0.41644815,0.9091595,1.0574509,-1.1221964
0.6408362,-0.76767766,-0.010955894,0.99994,2.2512498,-3.1208675
0.9498591,-0.31267834,0.74753416,0.6642234,3.2759705,-5.4239664
0.9290845,0.36986756,0.88855237,-0.45877525,3.45042,-6.06104
0.5594469,0.82886624,0.05634357,-0.9984114,2.4516637,-4.210495
0.21856721,0.9758219,-0.57550263,-0.8177999,1.2699132,-2.5565822
0.088521525,0.99607426,-0.8330727,-0.5531635,0.04610164,-1.1771488
0.21071202,0.9775482,-0.8647083,-0.5022744,-1.27062,0.587268
0.5545607,0.83214325,-0.6751481,-0.7376822,-2.4436193,2.4832792
0.91918707,0.3938212,-0.029560365,-0.999563,-3.2824283,4.699672
0.9515491,-0.30749685,0.9135739,-0.40667266,-3.7972202,6.93126
0.52963305,-0.8482269,0.5948146,0.80386287,-2.9578917,6.050831
0.11589717,-0.9932612,-0.3623184,0.9320544,-1.4570808,4.111796
-0.029688714,-0.99955916,-0.8631341,0.5049748,-0.022475319,2.635331
0.09652783,-0.9953303,-0.989992,0.14112349,1.2615138,1.2459531
0.46002784,-0.88790447,-0.99787104,0.06521798,2.5235307,-0.4561932
0.8838759,-0.4677215,-0.9526333,0.3041212,3.4380002,-1.9383684
0.97508866,0.22181538,-0.6802738,0.7329581,3.5063488,-3.1436336
0.65076447,0.75927967,-0.035853006,0.99935704,2.8058865,-3.881743
0.2335477,0.97234535,0.6912553,0.72261065,1.913299,-4.014394
-0.05050285,0.9987239,0.9993854,0.035054892,0.92109156,-3.6379466
-0.11592792,0.99325764,0.81310534,-0.5821166,-0.31536794,-2.854818
0.09762736,0.99522305,0.480986,-0.8767283,-1.8681483,-1.49753
0.60726416,0.7945,0.44596714,-0.89504933,-3.618264,1.2128729
0.997349,0.07276589,0.84265083,-0.5384603,-4.668523,4.0322294
0.6535817,-0.75685596,0.94508535,0.32682365,-4.4061637,4.4335365
-0.052474916,-0.99862224,0.49630776,0.86814666,-3.1918056,2.6964104
-0.54076874,-0.8411713,0.11337594,0.99355215,-2.0388823,1.5126574
-0.7751827,-0.6317371,-0.13847306,0.9903662,-1.1616237,1.1152121
-0.85864556,-0.5125698,-0.30796975,0.95139617,-0.3170017,0.67028594
-0.8502986,-0.52630055,-0.40054902,0.9162753,0.48454496,0.3058945
-0.7382012,-0.67458063,-0.40659714,0.91360754,1.4099874,-0.3108591
-0.4223511,-0.90643233,-0.24429399,0.96970123,2.577597,-1.5499446
0.21400532,-0.9768325,0.2693726,0.96303606,3.9665117,-3.8530054
0.913316,-0.40725166,0.97648156,0.21560092,5.282361,-6.725269
0.80291027,0.5960999,0.48373803,-0.87521285,5.0141087,-5.374049
0.034645468,0.99939966,-0.27157533,-0.9624172,3.9091582,-2.5392828
-0.58485675,0.8111366,-0.55581856,-0.83130366,2.7066507,-0.8044693
-0.86889917,0.49498913,-0.5846476,-0.8112874,1.634576,0.3036375
-0.96386445,0.26639324,-0.49265715,-0.8702235,0.9006557,0.6939608
-0.9902259,0.13947253,-0.36693248,-0.9302476,0.43424797,0.6446364
-0.996405,0.08471786,-0.26946118,-0.96301126,0.13735746,0.35732472
-0.996763,0.08039603,-0.23630145,-0.9716798,-0.09039118,-0.019094555
-0.9924465,0.12267843,-0.27451327,-0.9615833,-0.34801283,-0.35959324
-0.97730595,0.21183272,-0.40459144,-0.91449755,-0.5928954,-0.9782253
-0.92433745,0.38157603,-0.5653856,-0.8248267,-1.2326286,-0.7892696
-0.7555767,0.6550601,-0.67129093,-0.74119395,-2.0581393,-0.43797976
-0.31505075,0.9490748,-0.6266627,-0.7792907,-3.3408635,1.1951841
0.4643433,0.8856553,-0.17959069,-0.9837414,-4.660475,3.9880157
0.9988239,0.048485182,0.83532476,-0.5497568,-5.6489654,7.6011662
0.49456787,-0.869139,0.58265907,0.81271666,-5.0473394,6.779212
-0.35405716,-0.93522376,-0.43646887,0.89971936,-3.798531,4.1781855
-0.85688734,-0.5155037,-0.9131993,0.40751323,-2.9560874,3.024759
-0.999923,0.01241034,-0.9882508,-0.15284109,-2.697595,2.8391747
-0.8348337,0.5505023,-0.72047704,-0.69347876,-3.1225193,3.443754
-0.26365802,0.96461624,0.041107398,-0.99915475,-4.1988544,5.294394
0.6713945,0.74110013,0.990053,-0.1406951,-5.7930174,8.40281
0.9383915,-0.345574,0.15111588,0.98851603,-5.795038,6.3225584
0.12585747,-0.9920483,-0.6917627,0.72212493,-5.019305,3.0035326
-0.6921084,-0.7217936,-0.9109244,0.4125734,-3.9114401,1.0595902
-0.995504,-0.09471903,-0.9564959,0.2917458,-3.336995,0.43653405
-0.837702,0.5461276,-0.9801652,0.19818239,-3.533715,0.6958258
-0.19244607,0.98130757,-0.9982031,-0.059921425,-4.5601273,2.0457993
0.74322134,0.6690456,-0.77595764,-0.63078505,-5.6423154,4.383099
0.91445285,-0.4046924,0.30976096,-0.9508145,-5.756104,7.72601
0.033855546,-0.9994267,0.88189656,0.47144294,-5.1887455,8.794692
-0.7473344,-0.6644481,-0.41566318,0.9095186,-3.6923852,6.4700565
-0.99809355,-0.061719254,-0.9976178,-0.06898412,-3.1422415,5.90049
-0.8254562,0.5644661,-0.28250068,-0.9592671,-3.6622508,6.516811
-0.08558899,0.99633056,0.95424116,-0.29903814,-5.2935534,9.147177
0.8756007,0.4830356,0.06890751,0.997623,-6.01826,8.024559
0.7390119,-0.6736924,-0.951596,0.3073516,-6.241398,5.4462686
-0.3090936,-0.9510316,-0.7890477,-0.6143319,-5.080051,4.561743
0.99604714,-0.08882648,0.99877197,-0.049543418,0.07454463,0.010293793
0.9986739,-0.051482152,0.99643654,-0.0843458,0.29086828,-0.34670135
0.9997639,0.021728925,0.98390716,-0.1786803,0.42339727,-0.57681996
0.9940246,0.10915658,0.9548626,-0.2970478,0.43158072,-0.6083605
0.98278135,0.18477237,0.9173489,-0.39808413,0.31507555,-0.44181797
0.97380257,0.22739506,0.8919566,-0.45212102,0.11084644,-0.1409641
0.97952133,0.20134038,0.9222865,-0.38650694,-0.37144548,0.85118324
0.99616796,0.087461054,0.9899908,-0.14113227,-0.7507539,1.6445166
0.9967394,-0.080688566,0.97413105,0.22598389,-0.8835568,1.9533753
0.9701333,-0.24257252,0.826129,0.56348103,-0.7152222,1.6682718
0.93831426,-0.34578374,0.64531523,0.7639164,-0.34387,0.9994711
0.9294932,-0.36883923,0.5495251,0.83547723,0.09940829,0.18743224
0.9572872,-0.28913873,0.63306254,0.77410066,0.7310639,-1.2138908
0.99557656,-0.093953714,0.87121576,0.49090025,1.2262992,-2.4541974
0.984767,0.17387909,0.9984656,-0.055375606,1.3848457,-3.0777078
0.9116178,0.41103885,0.79904145,-0.6012759,1.0288693,-2.6719947
0.8442952,0.53587836,0.46652526,-0.8845079,0.365867,-1.6851512
0.8434561,0.5371982,0.25653747,-0.96653426,-0.34263495,-0.569037
0.91420853,0.4052441,0.30509454,-0.95232207,-1.1245332,1.0655563
0.99128824,0.13171019,0.62867284,-0.7776699,-1.6850852,2.5997243
0.9725758,-0.23258628,0.96867657,-0.24832585,-1.9035378,3.653263
0.8337194,-0.55218834,0.8865773,0.46258044,-1.4905362,3.447539
0.6983904,-0.71571696,0.48337644,0.8754126,-0.593939,2.3368104
0.6849194,-0.72861886,0.1647739,0.98633134,0.40287104,1.0429729
0.809575,-0.5870164,0.14047296,0.9900845,1.444458,-0.796757
0.9665332,-0.25654173,0.4646586,0.88548994,2.1770957,-2.6067634
0.9766307,0.2149243,0.91639674,0.40027112,2.4952881,-4.004361
0.77263075,0.6348557,0.9167717,-0.39941165,2.0825682,-3.94477
0.53415585,0.845386,0.4655125,-0.8850413,1.0583273,-2.73666
0.45197445,0.8920309,0.07108897,-0.99746996,-0.1183902,-1.3910899
0.5844121,0.81145704,-0.018874094,-0.99982184,-1.403206,0.5059662
0.8484022,0.5293522,0.28012052,-0.9599649,-2.431553,2.5427997
0.9999999,-0.0005031712,0.83827174,-0.5452527,-3.0669045,4.4532714
0.8184701,-0.5745491,0.928465,0.37141994,-2.8708134,4.7320457
0.4632749,-0.8862146,0.36727667,0.93011177,-1.8296428,3.3136685
0.23527582,-0.97192866,-0.14021073,0.99012166,-0.60192,1.8861942
0.25445777,-0.9670839,-0.33276525,0.9430097,0.788398,0.0993227
0.51864177,-0.8549916,-0.16867211,0.98567224,2.0619972,-1.8439994
0.8753338,-0.4835192,0.4095125,0.9123045,3.1015701,-4.114879
0.98247373,0.18640107,0.9934092,0.1146219,3.6690109,-5.9124956
0.6470819,0.7624205,0.54402447,-0.83906937,2.9479635,-4.8104057
0.23070034,0.97302485,-0.20262955,-0.97925544,1.7432764,-3.04052
0.009326491,0.9999565,-0.6200506,-0.7845618,0.48842344,-1.6496774
0.04987897,0.9987553,-0.73660904,-0.6763188,-0.88563305,0.06357655
0.35081124,0.9364462,-0.5909847,-0.80668277,-2.176097,1.9417057
0.78627634,0.61787504,-0.024047114,-0.9997108,-3.2426596,4.225335
0.99769866,-0.067803524,0.8830729,-0.46923578,-4.0114822,6.7044325
0.66634727,-0.7456415,0.65476996,0.7558282,-3.4609993,6.1337566
0.16856869,-0.98568994,-0.29609728,0.9551578,-2.1258514,4.086422
-0.12306042,-0.99239916,-0.82159036,0.5700783,-0.8105341,2.616623
-0.1593089,-0.9872288,-0.97738576,0.21146405,0.4314634,1.3200605
0.057889365,-0.998323,-0.9926771,0.120798,1.7437159,-0.4096677
0.50794154,-0.86139154,-0.92830485,0.37181994,2.9642882,-2.2066197
0.935351,-0.35372093,-0.52633286,0.8502786,3.6849797,-4.194656
0.9227136,0.38548627,0.48226443,0.8760257,3.8401895,-6.366725
0.41929618,0.9078495,0.94832945,-0.3172874,3.3660722,-6.988043
-0.083643876,0.9964957,0.030434657,-0.99953675,1.728648,-5.1231613
-0.25661653,0.9665133,-0.7434114,-0.6688344,0.053023063,-3.6220083
-0.12223992,0.9925006,-0.98923975,-0.14630331,-1.3690766,-2.236556
0.2792455,0.96021974,-0.99182975,0.1275686,-2.6582153,-0.550581
0.79977715,0.60029703,-0.9948465,0.10139218,-3.7132125,0.71109104
0.9887409,-0.14963745,-0.99403054,-0.10910218,-4.072714,1.2709554
0.6070215,-0.79468536,-0.9365617,-0.35050282,-3.4769075,1.099638
0.063102864,-0.998007,-0.87402797,-0.4858756,-2.3825555,0.30699956
-0.28632596,-0.95813227,-0.9142049,-0.40525222,-1.1747649,-1.2398953
-0.4013067,-0.91594374,-0.9999696,-0.0077983676,-0.042135347,-2.8511448
-0.2858327,-0.95827955,-0.7494076,0.6621089,1.3401525,-4.4960217
0.15146369,-0.9884628,0.25947666,0.9657494,3.147692,-6.814767
0.82610613,-0.56351453,0.9376174,-0.34766874,4.7573185,-9.165512
0.94503516,0.3269687,-0.39711353,-0.9177695,4.445669,-6.781855
0.3951314,0.91862464,-0.9999944,-0.003347925,3.7521253,-5.012697
-0.22371536,0.9746545,-0.6253023,0.7803826,2.5568993,-4.025579
